county,precinct_votefile,precinct
BAKER,Baker #1,OR_BAKER_01
BAKER,Baker #2,OR_BAKER_02
BAKER,Baker #3,OR_BAKER_03
BAKER,Baker #4,OR_BAKER_04
BAKER,Baker #5,OR_BAKER_05
BAKER,Baker Country,OR_BAKER_13
BAKER,Durkee,OR_BAKER_14
BAKER,Eagle Valley,OR_BAKER_15
BAKER,Haines,OR_BAKER_17
BAKER,Hereford,OR_BAKER_18
BAKER,Huntington,OR_BAKER_19
BAKER,Irondyke,OR_BAKER_20
BAKER,Keating,OR_BAKER_21
BAKER,Pine Valley,OR_BAKER_22
BAKER,Poca-Wing,OR_BAKER_24
BAKER,Sumpter,OR_BAKER_25
BAKER,Unity,OR_BAKER_26
BENTON,01 - Corvallis ONE C4S8H16,OR_BENTON_01
BENTON,02 - Corvallis TWO C4S8H16,OR_BENTON_02
BENTON,03 - Corvallis THREE C4S8H16,OR_BENTON_03
BENTON,04 - Corvallis FOUR C4S8H16,OR_BENTON_04
BENTON,05 - Corvallis FIVE C4S8H16,OR_BENTON_05
BENTON,06 - Corvallis SIX C4S8H16,OR_BENTON_06
BENTON,07 - Corvallis SEVEN C4S8H16,OR_BENTON_07
BENTON,08 - Corvallis EIGHT C4S8H16,OR_BENTON_08
BENTON,09 - Corvallis NINE C4S8H16,OR_BENTON_09
BENTON,10 - Philomath C4S8H16,OR_BENTON_10
BENTON,12 - Adair Village C5S12H23,OR_BENTON_12
BENTON,13 - Monroe C4S12H23,OR_BENTON_13
BENTON,14 - Alsea School C4S12H23,OR_BENTON_14
BENTON,15 - Northwest C4S12H23,OR_BENTON_15
BENTON,16 - Corvallis Rural C4S8H16,OR_BENTON_16
BENTON,17 - North 509J C4S12H23,OR_BENTON_17
BENTON,18 - Albany Rural C5S8H15,OR_BENTON_18
BENTON,19 - South 509J C4S12H23,OR_BENTON_19
BENTON,20 - Monroe Rural C4S12H23,OR_BENTON_20
BENTON,21 - Philomath Rural C4S8H16,OR_BENTON_21
BENTON,22 - Adair Rural C5S12H23,OR_BENTON_22
BENTON,23 - Highway 20 C4S8H15,OR_BENTON_23
BENTON,11 - N Albany C5S8H15,OR_BENTON_24
BENTON,11 - N Albany C5S8H15,OR_BENTON_25
CLATSOP,01 - Astoria,OR_CLATSOP_01
CLATSOP,02 - Astoria,OR_CLATSOP_02
CLATSOP,03 - Astoria,OR_CLATSOP_03
CLATSOP,04 - Astoria,OR_CLATSOP_04
CLATSOP,05 - Astoria,OR_CLATSOP_05
CLATSOP,06 - Astoria,OR_CLATSOP_06
CLATSOP,07 - Astoria,OR_CLATSOP_07
CLATSOP,08 - Astoria,OR_CLATSOP_08
CLATSOP,20 - Cannon Beach,OR_CLATSOP_20
CLATSOP,21 - Chadwell,OR_CLATSOP_21
CLATSOP,22 - North Clatsop,OR_CLATSOP_22
CLATSOP,23 - South Clatsop,OR_CLATSOP_23
CLATSOP,24 - Elsie,OR_CLATSOP_24
CLATSOP,25 - Gearhart,OR_CLATSOP_25
CLATSOP,26 - Hamlet,OR_CLATSOP_26
CLATSOP,28 - Jewell,OR_CLATSOP_28
CLATSOP,29 - John Day,OR_CLATSOP_29
CLATSOP,30 - Knappa,OR_CLATSOP_30
CLATSOP,31 - Lewis and Clark,OR_CLATSOP_31
CLATSOP,35 - Necanicum,OR_CLATSOP_35
CLATSOP,36 - Olney,OR_CLATSOP_36
CLATSOP,37 - Seaside,OR_CLATSOP_37
CLATSOP,38 - Seaside,OR_CLATSOP_38
CLATSOP,39 - Seaside,OR_CLATSOP_39
CLATSOP,40 - Seaside,OR_CLATSOP_40
CLATSOP,43 - Stanley Acres,OR_CLATSOP_43
CLATSOP,44 - Svensen,OR_CLATSOP_44
CLATSOP,45 - Arch Cape,OR_CLATSOP_45
CLATSOP,46 - Walluski,OR_CLATSOP_46
CLATSOP,47 - Warrenton,OR_CLATSOP_47
CLATSOP,48 - Warrenton,OR_CLATSOP_48
CLATSOP,50 - Westport,OR_CLATSOP_50
CLATSOP,52 - Hillcrest,OR_CLATSOP_52
COLUMBIA,01 City of Clatskanie,OR_COLUMBIA_01
COLUMBIA,04 N Clatskanie-Marshland,OR_COLUMBIA_04
COLUMBIA,05 S Clatskanie,OR_COLUMBIA_05
COLUMBIA,06 Delena,OR_COLUMBIA_06
COLUMBIA,08 GOBLE,OR_COLUMBIA_08
COLUMBIA,10 Milton,OR_COLUMBIA_10
COLUMBIA,12 McNulty,OR_COLUMBIA_12
COLUMBIA,14 Quincy,OR_COLUMBIA_14
COLUMBIA,15 City of Rainier,OR_COLUMBIA_15
COLUMBIA,17 W Rainier,OR_COLUMBIA_17
COLUMBIA,18 E Rainier,OR_COLUMBIA_18
COLUMBIA,19 S Warren,OR_COLUMBIA_19
COLUMBIA,20 N Warren,OR_COLUMBIA_20
COLUMBIA,21 City St Helens One,OR_COLUMBIA_21
COLUMBIA,24 City St Helens Four,OR_COLUMBIA_24
COLUMBIA,26 City St Helens Six,OR_COLUMBIA_26
COLUMBIA,31 City of Scappoose One,OR_COLUMBIA_31
COLUMBIA,32 City of Scappoose Two,OR_COLUMBIA_32
COLUMBIA,34 City of Scappoose Four,OR_COLUMBIA_34
COLUMBIA,35 SE Scappoose,OR_COLUMBIA_35
COLUMBIA,36 Canyon,OR_COLUMBIA_36
COLUMBIA,38 W Scappoose,OR_COLUMBIA_38
COLUMBIA,39 Sauvie Island,OR_COLUMBIA_39
COLUMBIA,40 Yankton,OR_COLUMBIA_40
COLUMBIA,41 City of Vernonia,OR_COLUMBIA_41
COLUMBIA,44 Rural Vernonia,OR_COLUMBIA_44
COLUMBIA,46 Apiary,OR_COLUMBIA_46
COLUMBIA,47 Chapman,OR_COLUMBIA_47
COLUMBIA,48 S Deer Island,OR_COLUMBIA_48
COLUMBIA,49 N Deer Island,OR_COLUMBIA_49
COLUMBIA,50 City of Prescott,OR_COLUMBIA_50
COLUMBIA,51 Mist,OR_COLUMBIA_51
COLUMBIA,53 City of Columbia City,OR_COLUMBIA_53
COOS,Precinct 01,OR_COOS_01
COOS,Precinct 02,OR_COOS_02
COOS,Precinct 03,OR_COOS_03
COOS,Precinct 04,OR_COOS_04
COOS,Precinct 05,OR_COOS_05
COOS,Precinct 06,OR_COOS_06
COOS,Precinct 07,OR_COOS_07
COOS,Precinct 08,OR_COOS_08
COOS,Precinct 09,OR_COOS_09
COOS,Precinct 10,OR_COOS_10
COOS,Precinct 11,OR_COOS_11
COOS,Precinct 12,OR_COOS_12
COOS,Precinct 13,OR_COOS_13
COOS,Precinct 14,OR_COOS_14
COOS,Precinct 15,OR_COOS_15
COOS,Precinct 16,OR_COOS_16
COOS,Precinct 17,OR_COOS_17
COOS,Precinct 18,OR_COOS_18
CROOK,Precinct 01,OR_CROOK_01
CROOK,Precinct 02,OR_CROOK_02
CROOK,Precinct 03,OR_CROOK_03
CROOK,Precinct 04,OR_CROOK_04
CROOK,Precinct 05,OR_CROOK_05
CROOK,Precinct 06,OR_CROOK_06
CROOK,Precinct 07,OR_CROOK_07
CROOK,Precinct 08,OR_CROOK_08
CROOK,Precinct 09,OR_CROOK_09
CROOK,Precinct 10,OR_CROOK_10
CROOK,Precinct 11,OR_CROOK_11
CROOK,Precinct 12,OR_CROOK_12
CROOK,Precinct 13,OR_CROOK_13
CROOK,Precinct 14,OR_CROOK_14
CROOK,Precinct 15,OR_CROOK_15
CROOK,Precinct 16,OR_CROOK_16
CROOK,Precinct 17,OR_CROOK_17
#VALUE!,NA,
CURRY,Precinct 01,OR_CURRY_01
CURRY,Precinct 02,OR_CURRY_02
CURRY,Precinct 03,OR_CURRY_03
CURRY,Precinct 04,OR_CURRY_04
CURRY,Precinct 05,OR_CURRY_05
CURRY,Precinct 06,OR_CURRY_06
CURRY,Precinct 07,OR_CURRY_07
CURRY,Precinct 08,OR_CURRY_08
CURRY,Precinct 09,OR_CURRY_09
CURRY,Precinct 10,OR_CURRY_10
CURRY,Precinct 11,OR_CURRY_11
CURRY,Precinct 12,OR_CURRY_12
CURRY,Precinct 13,OR_CURRY_13
CURRY,Precinct 14,OR_CURRY_14
CURRY,Precinct 15,OR_CURRY_15
CURRY,Precinct 16,OR_CURRY_16
CURRY,Precinct 17,OR_CURRY_17
CURRY,Precinct 18,OR_CURRY_18
CURRY,Precinct 19,OR_CURRY_19
CURRY,Precinct 20,OR_CURRY_20
CURRY,Precinct 21,OR_CURRY_21
CURRY,Precinct 22,OR_CURRY_22
CURRY,Precinct 23,OR_CURRY_23
CURRY,Precinct 24,OR_CURRY_24
CURRY,Precinct 25,OR_CURRY_25
CURRY,Precinct 26,OR_CURRY_26
CURRY,Precinct 27,OR_CURRY_27
DESCHUTES,Precinct 01,OR_DESCHUTES_01
DESCHUTES,Precinct 02,OR_DESCHUTES_02
DESCHUTES,Precinct 03,OR_DESCHUTES_03
DESCHUTES,Precinct 04,OR_DESCHUTES_04
DESCHUTES,Precinct 05,OR_DESCHUTES_05
DESCHUTES,Precinct 06,OR_DESCHUTES_06
DESCHUTES,Precinct 07,OR_DESCHUTES_07
DESCHUTES,Precinct 08,OR_DESCHUTES_08
DESCHUTES,Precinct 09,OR_DESCHUTES_09
DESCHUTES,Precinct 10,OR_DESCHUTES_10
DESCHUTES,Precinct 11,OR_DESCHUTES_11
DESCHUTES,Precinct 12,OR_DESCHUTES_12
DESCHUTES,Precinct 13,OR_DESCHUTES_13
DESCHUTES,Precinct 14,OR_DESCHUTES_14
DESCHUTES,Precinct 15,OR_DESCHUTES_15
DESCHUTES,Precinct 16,OR_DESCHUTES_16
DESCHUTES,Precinct 17,OR_DESCHUTES_17
DESCHUTES,Precinct 18,OR_DESCHUTES_18
DESCHUTES,Precinct 19,OR_DESCHUTES_19
DESCHUTES,Precinct 20,OR_DESCHUTES_20
DESCHUTES,Precinct 21,OR_DESCHUTES_21
DESCHUTES,Precinct 22,OR_DESCHUTES_22
DESCHUTES,Precinct 23,OR_DESCHUTES_23
DESCHUTES,Precinct 24,OR_DESCHUTES_24
DESCHUTES,Precinct 25,OR_DESCHUTES_25
DESCHUTES,Precinct 26,OR_DESCHUTES_26
DESCHUTES,Precinct 27,OR_DESCHUTES_27
DESCHUTES,Precinct 28,OR_DESCHUTES_28
DESCHUTES,Precinct 29,OR_DESCHUTES_29
DESCHUTES,Precinct 30,OR_DESCHUTES_30
DESCHUTES,Precinct 31,OR_DESCHUTES_31
DESCHUTES,Precinct 32,OR_DESCHUTES_32
DESCHUTES,Precinct 33,OR_DESCHUTES_33
DESCHUTES,Precinct 34,OR_DESCHUTES_34
DESCHUTES,Precinct 35,OR_DESCHUTES_35
DESCHUTES,Precinct 36,OR_DESCHUTES_36
DESCHUTES,Precinct 37,OR_DESCHUTES_37
DESCHUTES,Precinct 38,OR_DESCHUTES_38
DESCHUTES,Precinct 39,OR_DESCHUTES_39
DESCHUTES,Precinct 40,OR_DESCHUTES_40
DESCHUTES,Precinct 41,OR_DESCHUTES_41
DESCHUTES,Precinct 42,OR_DESCHUTES_42
DESCHUTES,Precinct 43,OR_DESCHUTES_43
DESCHUTES,Precinct 44,OR_DESCHUTES_44
DESCHUTES,Precinct 45,OR_DESCHUTES_45
DESCHUTES,Precinct 46,OR_DESCHUTES_46
DESCHUTES,Precinct 47,OR_DESCHUTES_47
DESCHUTES,Precinct 48,OR_DESCHUTES_48
DESCHUTES,Precinct 49,OR_DESCHUTES_49
DESCHUTES,Precinct 50,OR_DESCHUTES_50
DOUGLAS,Precinct 01,OR_DOUGLAS_01
DOUGLAS,Precinct 02,OR_DOUGLAS_02
DOUGLAS,Precinct 03,OR_DOUGLAS_03
DOUGLAS,Precinct 04,OR_DOUGLAS_04
DOUGLAS,Precinct 05,OR_DOUGLAS_05
DOUGLAS,Precinct 06,OR_DOUGLAS_06
DOUGLAS,Precinct 07,OR_DOUGLAS_07
DOUGLAS,Precinct 08,OR_DOUGLAS_08
DOUGLAS,Precinct 09,OR_DOUGLAS_09
DOUGLAS,Precinct 10,OR_DOUGLAS_10
DOUGLAS,Precinct 11,OR_DOUGLAS_11
DOUGLAS,Precinct 12,OR_DOUGLAS_12
DOUGLAS,Precinct 13,OR_DOUGLAS_13
DOUGLAS,Precinct 14,OR_DOUGLAS_14
DOUGLAS,Precinct 15,OR_DOUGLAS_15
DOUGLAS,Precinct 16,OR_DOUGLAS_16
DOUGLAS,Precinct 17,OR_DOUGLAS_17
DOUGLAS,Precinct 18,OR_DOUGLAS_18
DOUGLAS,Precinct 19,OR_DOUGLAS_19
DOUGLAS,Precinct 20,OR_DOUGLAS_20
DOUGLAS,Precinct 21,OR_DOUGLAS_21
DOUGLAS,Precinct 22,OR_DOUGLAS_22
DOUGLAS,Precinct 23,OR_DOUGLAS_23
DOUGLAS,Precinct 24,OR_DOUGLAS_24
DOUGLAS,Precinct 25,OR_DOUGLAS_25
DOUGLAS,Precinct 26,OR_DOUGLAS_26
DOUGLAS,Precinct 27,OR_DOUGLAS_27
DOUGLAS,Precinct 28,OR_DOUGLAS_28
GILLIAM,Precinct 1,OR_GILLIAM_1
GILLIAM,Precinct 6,OR_GILLIAM_6
GILLIAM,Precinct 7,OR_GILLIAM_7
GRANT,Precinct 16 - South Fork,OR_GRANT_03
GRANT,Precinct 17 - Long Creek Valley,OR_GRANT_04
GRANT,Precinct 3 - John Day Valley,OR_GRANT_08
GRANT,Precinct 4 - Union,OR_GRANT_16
GRANT,Precinct 8 - North Fork,OR_GRANT_17
HARNEY,Precinct 21,OR_HARNEY_21
HARNEY,Precinct 25,OR_HARNEY_25
HARNEY,Precinct 26,OR_HARNEY_26
HOOD RIVER,1,OR_HOODRIVER_01
HOOD RIVER,2,OR_HOODRIVER_02
HOOD RIVER,3,OR_HOODRIVER_03
HOOD RIVER,4,OR_HOODRIVER_04
HOOD RIVER,5,OR_HOODRIVER_05
HOOD RIVER,6,OR_HOODRIVER_06
HOOD RIVER,7,OR_HOODRIVER_07
HOOD RIVER,8,OR_HOODRIVER_08
HOOD RIVER,9,OR_HOODRIVER_09
HOOD RIVER,10,OR_HOODRIVER_10
HOOD RIVER,11,OR_HOODRIVER_11
HOOD RIVER,12,OR_HOODRIVER_12
HOOD RIVER,13,OR_HOODRIVER_13
JACKSON,Precinct 001,OR_JACKSON_01
JACKSON,Precinct 002,OR_JACKSON_02
JACKSON,Precinct 003,OR_JACKSON_03
JACKSON,Precinct 004,OR_JACKSON_04
JACKSON,Precinct 005,OR_JACKSON_05
JACKSON,Precinct 006,OR_JACKSON_06
JACKSON,Precinct 007,OR_JACKSON_07
JACKSON,Precinct 008,OR_JACKSON_08
JACKSON,Precinct 009,OR_JACKSON_09
JACKSON,Precinct 010,OR_JACKSON_10
JACKSON,Precinct 011,OR_JACKSON_11
JACKSON,Precinct 012,OR_JACKSON_12
JACKSON,Precinct 013,OR_JACKSON_13
JACKSON,Precinct 014,OR_JACKSON_14
JACKSON,Precinct 015,OR_JACKSON_15
JACKSON,Precinct 016,OR_JACKSON_16
JACKSON,Precinct 017,OR_JACKSON_17
JACKSON,Precinct 018,OR_JACKSON_18
JACKSON,Precinct 019,OR_JACKSON_19
JACKSON,Precinct 020,OR_JACKSON_20
JACKSON,Precinct 021,OR_JACKSON_21
JACKSON,Precinct 022,OR_JACKSON_22
JACKSON,Precinct 023,OR_JACKSON_23
JACKSON,Precinct 024,OR_JACKSON_24
JACKSON,Precinct 025,OR_JACKSON_25
JACKSON,Precinct 026,OR_JACKSON_26
JACKSON,Precinct 027,OR_JACKSON_27
JACKSON,Precinct 028,OR_JACKSON_28
JACKSON,Precinct 029,OR_JACKSON_29
JACKSON,Precinct 030,OR_JACKSON_30
JACKSON,Precinct 031,OR_JACKSON_31
JACKSON,Precinct 032,OR_JACKSON_32
JACKSON,Precinct 033,OR_JACKSON_33
JACKSON,Precinct 034,OR_JACKSON_34
JACKSON,Precinct 035,OR_JACKSON_35
JACKSON,Precinct 036,OR_JACKSON_36
JACKSON,Precinct 037,OR_JACKSON_37
JACKSON,Precinct 038,OR_JACKSON_38
JACKSON,Precinct 039,OR_JACKSON_39
JACKSON,Precinct 040,OR_JACKSON_40
JACKSON,Precinct 041,OR_JACKSON_41
JACKSON,Precinct 042,OR_JACKSON_42
JACKSON,Precinct 043,OR_JACKSON_43
JACKSON,Precinct 044,OR_JACKSON_44
JACKSON,Precinct 045,OR_JACKSON_45
JEFFERSON,No. 1 Haystack,OR_JEFFERSON_01
JEFFERSON,No. 11 Metolius,OR_JEFFERSON_02
JEFFERSON,No. 13 East Madras,OR_JEFFERSON_05
JEFFERSON,No. 14 Warm Springs,OR_JEFFERSON_06
JEFFERSON,No. 16 Camp Sherman,OR_JEFFERSON_08
JEFFERSON,No. 17 Culver,OR_JEFFERSON_11
JEFFERSON,No. 18 Round Butte,OR_JEFFERSON_13
JEFFERSON,No. 19 West Madras,OR_JEFFERSON_14
JEFFERSON,No. 2 Crooked River Ranch,OR_JEFFERSON_16
JEFFERSON,No. 20 Circle M,OR_JEFFERSON_17
JEFFERSON,No. 21 Central,OR_JEFFERSON_18
JEFFERSON,No. 22 Sunset,OR_JEFFERSON_19
JEFFERSON,No. 5 Ashwood,OR_JEFFERSON_20
JEFFERSON,No. 6 Kutcher,OR_JEFFERSON_21
JEFFERSON,No. 8 Lyle Gap,OR_JEFFERSON_22
JOSEPHINE,Precinct 01,OR_JOSEPHINE_01
JOSEPHINE,Precinct 02,OR_JOSEPHINE_02
JOSEPHINE,Precinct 03,OR_JOSEPHINE_03
JOSEPHINE,Precinct 04,OR_JOSEPHINE_04
JOSEPHINE,Precinct 05,OR_JOSEPHINE_05
JOSEPHINE,Precinct 06,OR_JOSEPHINE_06
JOSEPHINE,Precinct 07,OR_JOSEPHINE_07
JOSEPHINE,Precinct 08,OR_JOSEPHINE_08
JOSEPHINE,Precinct 09,OR_JOSEPHINE_09
JOSEPHINE,Precinct 10,OR_JOSEPHINE_10
JOSEPHINE,Precinct 11,OR_JOSEPHINE_11
JOSEPHINE,Precinct 12,OR_JOSEPHINE_12
JOSEPHINE,Precinct 13,OR_JOSEPHINE_13
JOSEPHINE,Precinct 14,OR_JOSEPHINE_14
JOSEPHINE,Precinct 15,OR_JOSEPHINE_15
JOSEPHINE,Precinct 16,OR_JOSEPHINE_16
JOSEPHINE,Precinct 17,OR_JOSEPHINE_17
JOSEPHINE,Precinct 18,OR_JOSEPHINE_18
JOSEPHINE,Precinct 19,OR_JOSEPHINE_19
JOSEPHINE,Precinct 20,OR_JOSEPHINE_20
JOSEPHINE,Precinct 21,OR_JOSEPHINE_21
JOSEPHINE,Precinct 22,OR_JOSEPHINE_22
JOSEPHINE,Precinct 23,OR_JOSEPHINE_23
JOSEPHINE,Precinct 24,OR_JOSEPHINE_24
JOSEPHINE,Precinct 25,OR_JOSEPHINE_25
JOSEPHINE,Precinct 26,OR_JOSEPHINE_26
JOSEPHINE,Precinct 27,OR_JOSEPHINE_27
JOSEPHINE,Precinct 28,OR_JOSEPHINE_28
JOSEPHINE,Precinct 29,OR_JOSEPHINE_29
JOSEPHINE,Precinct 30,OR_JOSEPHINE_30
JOSEPHINE,Precinct 31,OR_JOSEPHINE_31
JOSEPHINE,Precinct 32,OR_JOSEPHINE_32
JOSEPHINE,Precinct 33,OR_JOSEPHINE_33
JOSEPHINE,Precinct 34,OR_JOSEPHINE_34
JOSEPHINE,Precinct 35,OR_JOSEPHINE_35
JOSEPHINE,Precinct 36,OR_JOSEPHINE_36
JOSEPHINE,Precinct 37,OR_JOSEPHINE_37
JOSEPHINE,Precinct 38,OR_JOSEPHINE_38
JOSEPHINE,Precinct 39,OR_JOSEPHINE_39
JOSEPHINE,Precinct 40,OR_JOSEPHINE_40
JOSEPHINE,Precinct 41,OR_JOSEPHINE_41
JOSEPHINE,Precinct 42,OR_JOSEPHINE_42
JOSEPHINE,Precinct 43,OR_JOSEPHINE_43
JOSEPHINE,Precinct 44,OR_JOSEPHINE_44
JOSEPHINE,Precinct 45,OR_JOSEPHINE_45
JOSEPHINE,Precinct 46,OR_JOSEPHINE_46
JOSEPHINE,Precinct 47,OR_JOSEPHINE_47
KLAMATH,Precinct 01,OR_KLAMATH_01
KLAMATH,Precinct 02,OR_KLAMATH_02
KLAMATH,Precinct 03,OR_KLAMATH_03
KLAMATH,Precinct 04,OR_KLAMATH_04
KLAMATH,Precinct 05,OR_KLAMATH_05
KLAMATH,Precinct 06,OR_KLAMATH_06
KLAMATH,Precinct 07,OR_KLAMATH_07
KLAMATH,Precinct 08,OR_KLAMATH_08
KLAMATH,Precinct 09,OR_KLAMATH_09
KLAMATH,Precinct 10,OR_KLAMATH_10
KLAMATH,Precinct 11,OR_KLAMATH_11
KLAMATH,Precinct 12,OR_KLAMATH_12
KLAMATH,Precinct 13,OR_KLAMATH_13
KLAMATH,Precinct 14,OR_KLAMATH_14
KLAMATH,Precinct 15,OR_KLAMATH_15
KLAMATH,Precinct 16,OR_KLAMATH_16
KLAMATH,Precinct 17,OR_KLAMATH_17
KLAMATH,Precinct 18,OR_KLAMATH_18
KLAMATH,Precinct 19,OR_KLAMATH_19
KLAMATH,Precinct 20,OR_KLAMATH_20
KLAMATH,Precinct 21,OR_KLAMATH_21
KLAMATH,Precinct 22,OR_KLAMATH_22
KLAMATH,Precinct 23,OR_KLAMATH_23
KLAMATH,Precinct 24,OR_KLAMATH_24
KLAMATH,Precinct 25,OR_KLAMATH_25
KLAMATH,Precinct 26,OR_KLAMATH_26
KLAMATH,Precinct 27,OR_KLAMATH_27
KLAMATH,Precinct 28,OR_KLAMATH_28
KLAMATH,Precinct 29,OR_KLAMATH_29
KLAMATH,Precinct 30,OR_KLAMATH_30
KLAMATH,Precinct 31,OR_KLAMATH_31
KLAMATH,Precinct 32,OR_KLAMATH_32
KLAMATH,Precinct 33,OR_KLAMATH_33
KLAMATH,Precinct 34,OR_KLAMATH_34
KLAMATH,Precinct 35,OR_KLAMATH_35
KLAMATH,Precinct 36,OR_KLAMATH_36
KLAMATH,Precinct 37,OR_KLAMATH_37
KLAMATH,Precinct 38,OR_KLAMATH_38
KLAMATH,Precinct 39,OR_KLAMATH_39
KLAMATH,Precinct 40,OR_KLAMATH_40
KLAMATH,Precinct 41,OR_KLAMATH_41
KLAMATH,Precinct 42,OR_KLAMATH_42
KLAMATH,Precinct 43,OR_KLAMATH_43
LAKE,Christmas Valley,OR_LAKE_01
LAKE,Cogswell Creek,OR_LAKE_02
LAKE,Crooked Creek,OR_LAKE_03
LAKE,Fort Rock,OR_LAKE_04
LAKE,Fremont,OR_LAKE_05
LAKE,Goose Lake,OR_LAKE_06
LAKE,New Pine Creek,OR_LAKE_07
LAKE,NO. Central LKVW.,OR_LAKE_08
LAKE,North Lakeview,OR_LAKE_09
LAKE,North Warner,OR_LAKE_10
LAKE,Paisley,OR_LAKE_11
LAKE,Silver Lake,OR_LAKE_12
LAKE,SO. Central LKVW.,OR_LAKE_13
LAKE,South Lakeview,OR_LAKE_14
LAKE,South Warner,OR_LAKE_15
LAKE,Summer Lake,OR_LAKE_16
LAKE,Thom. Crk. Westside,OR_LAKE_18
LAKE,Valley Falls Prec.,OR_LAKE_20
LAKE,West Lakeview,OR_LAKE_21
LANE,702,OR_LANE_0702
LANE,704,OR_LANE_0704
LANE,706,OR_LANE_0706
LANE,708,OR_LANE_0708
LANE,710,OR_LANE_0710
LANE,712,OR_LANE_0712
LANE,714,OR_LANE_0714
LANE,716,OR_LANE_0716
LANE,718,OR_LANE_0718
LANE,720,OR_LANE_0720
LANE,722,OR_LANE_0722
LANE,724,OR_LANE_0724
LANE,726,OR_LANE_0726
LANE,728,OR_LANE_0728
LANE,730,OR_LANE_0730
LANE,732,OR_LANE_0732
LANE,734,OR_LANE_0734
LANE,736,OR_LANE_0736
LANE,738,OR_LANE_0738
LANE,740,OR_LANE_0740
LANE,742,OR_LANE_0742
LANE,744,OR_LANE_0744
LANE,746,OR_LANE_0746
LANE,748,OR_LANE_0748
LANE,750,OR_LANE_0750
LANE,752,OR_LANE_0752
LANE,754,OR_LANE_0754
LANE,756,OR_LANE_0756
LANE,758,OR_LANE_0758
LANE,760,OR_LANE_0760
LANE,762,OR_LANE_0762
LANE,764,OR_LANE_0764
LANE,766,OR_LANE_0766
LANE,1121,OR_LANE_1121
LANE,1123,OR_LANE_1123
LANE,1125,OR_LANE_1125
LANE,1127,OR_LANE_1127
LANE,1231,OR_LANE_1231
LANE,1233,OR_LANE_1233
LANE,1235,OR_LANE_1235
LANE,1341,OR_LANE_1341
LANE,1343,OR_LANE_1343
LANE,1345,OR_LANE_1345
LANE,1349,OR_LANE_1349
LANE,1451,OR_LANE_1451
LANE,1453,OR_LANE_1453
LANE,1455,OR_LANE_1455
LANE,1457,OR_LANE_1457
LANE,1561,OR_LANE_1561
LANE,1563,OR_LANE_1563
LANE,1565,OR_LANE_1565
LANE,1569,OR_LANE_1569
LANE,1671,OR_LANE_1671
LANE,1673,OR_LANE_1673
LANE,1675,OR_LANE_1675
LANE,1781,OR_LANE_1781
LANE,1783,OR_LANE_1783
LANE,1785,OR_LANE_1785
LANE,1787,OR_LANE_1787
LANE,1891,OR_LANE_1891
LANE,1893,OR_LANE_1893
LANE,1895,OR_LANE_1895
LANE,1897,OR_LANE_1897
LANE,1899,OR_LANE_1899
LANE,2122,OR_LANE_2122
LANE,2234,OR_LANE_2234
LANE,2238,OR_LANE_2238
LANE,2340,OR_LANE_2340
LANE,2344,OR_LANE_2344
LANE,2456,OR_LANE_2456
LANE,2562,OR_LANE_2562
LANE,2676,OR_LANE_2676
LANE,4200,OR_LANE_4200
LANE,4301,OR_LANE_4301
LANE,4400,OR_LANE_4400
LANE,4500,OR_LANE_4500
LANE,4601,OR_LANE_4601
LANE,4700,OR_LANE_4700
LANE,4800,OR_LANE_4800
LANE,4900,OR_LANE_4900
LINCOLN,01 Waldport,OR_LINCOLN_01
LINCOLN,02 Alsea,OR_LINCOLN_02
LINCOLN,03 Seaview,OR_LINCOLN_03
LINCOLN,04 Tidewater,OR_LINCOLN_04
LINCOLN,05 Yachats,OR_LINCOLN_05
LINCOLN,06 Bayview,OR_LINCOLN_06
LINCOLN,07 Seal Rock,OR_LINCOLN_07
LINCOLN,08 South Beach,OR_LINCOLN_08
LINCOLN,09 Nye Creek,OR_LINCOLN_09
LINCOLN,10 Newport Bay,OR_LINCOLN_10
LINCOLN,11 Oceanview,OR_LINCOLN_11
LINCOLN,12 Yaquina,OR_LINCOLN_12
LINCOLN,13 Pacific,OR_LINCOLN_13
LINCOLN,14 Agate Beach,OR_LINCOLN_14
LINCOLN,15 Otter Rock,OR_LINCOLN_15
LINCOLN,16 Depoe Bay,OR_LINCOLN_16
LINCOLN,17 Fogarty Creek,OR_LINCOLN_17
LINCOLN,18 Kern,OR_LINCOLN_18
LINCOLN,19 Schooner Creek,OR_LINCOLN_19
LINCOLN,20 Delake,OR_LINCOLN_20
LINCOLN,21 Oceanlake,OR_LINCOLN_21
LINCOLN,22 Sunset West,OR_LINCOLN_22
LINCOLN,23 Sunset East,OR_LINCOLN_23
LINCOLN,24 Rose Lodge,OR_LINCOLN_24
LINCOLN,25 Big Elk,OR_LINCOLN_25
LINCOLN,26 Elk City,OR_LINCOLN_26
LINCOLN,27 Fruitvale,OR_LINCOLN_27
LINCOLN,28 Eddyville,OR_LINCOLN_28
LINCOLN,29 Siletz,OR_LINCOLN_29
LINCOLN,30 Rock Creek,OR_LINCOLN_30
LINCOLN,31 East Toledo,OR_LINCOLN_31
LINCOLN,32 South Toledo,OR_LINCOLN_32
LINN,Precinct 001,OR_LINN_001
LINN,Precinct 003,OR_LINN_003
LINN,Precinct 005,OR_LINN_005
LINN,Precinct 008,OR_LINN_008
LINN,Precinct 011,OR_LINN_011
LINN,Precinct 014,OR_LINN_014
LINN,Precinct 015,OR_LINN_015
LINN,Precinct 016,OR_LINN_016
LINN,Precinct 018,OR_LINN_018
LINN,Precinct 019,OR_LINN_019
LINN,Precinct 020,OR_LINN_020
LINN,Precinct 021,OR_LINN_021
LINN,Precinct 022,OR_LINN_022
LINN,Precinct 023,OR_LINN_023
LINN,Precinct 025,OR_LINN_025
LINN,Precinct 026,OR_LINN_026
LINN,Precinct 027,OR_LINN_027
LINN,Precinct 028,OR_LINN_028
LINN,Precinct 029,OR_LINN_029
LINN,Precinct 030,OR_LINN_030
LINN,Precinct 031,OR_LINN_031
LINN,Precinct 032,OR_LINN_032
LINN,Precinct 033,OR_LINN_033
LINN,Precinct 034,OR_LINN_034
LINN,Precinct 035,OR_LINN_035
LINN,Precinct 036,OR_LINN_036
LINN,Precinct 037,OR_LINN_037
LINN,Precinct 038,OR_LINN_038
LINN,Precinct 039,OR_LINN_039
LINN,Precinct 041,OR_LINN_041
LINN,Precinct 042,OR_LINN_042
LINN,Precinct 043,OR_LINN_043
LINN,Precinct 044,OR_LINN_044
LINN,Precinct 045,OR_LINN_045
LINN,Precinct 046,OR_LINN_046
LINN,Precinct 047,OR_LINN_047
LINN,Precinct 048,OR_LINN_048
LINN,Precinct 049,OR_LINN_049
LINN,Precinct 050,OR_LINN_050
LINN,Precinct 051,OR_LINN_051
LINN,Precinct 052,OR_LINN_052
LINN,Precinct 053,OR_LINN_053
LINN,Precinct 054,OR_LINN_054
LINN,Precinct 055,OR_LINN_055
LINN,Precinct 056,OR_LINN_056
LINN,Precinct 057,OR_LINN_057
LINN,Precinct 058,OR_LINN_058
LINN,Precinct 059,OR_LINN_059
LINN,Precinct 060,OR_LINN_060
LINN,Precinct 061,OR_LINN_061
LINN,Precinct 062,OR_LINN_062
LINN,Precinct 063,OR_LINN_063
LINN,Precinct 065,OR_LINN_065
LINN,Precinct 066,OR_LINN_066
LINN,Precinct 067,OR_LINN_067
LINN,Precinct 068,OR_LINN_068
LINN,Precinct 070,OR_LINN_070
LINN,Precinct 071,OR_LINN_071
LINN,Precinct 073,OR_LINN_073
LINN,Precinct 074,OR_LINN_074
LINN,Precinct 075,OR_LINN_075
LINN,Precinct 076,OR_LINN_076
LINN,Precinct 077,OR_LINN_077
LINN,Precinct 078,OR_LINN_078
LINN,Precinct 079,OR_LINN_079
LINN,Precinct 080,OR_LINN_080
LINN,Precinct 082,OR_LINN_082
LINN,Precinct 083,OR_LINN_083
LINN,Precinct 084,OR_LINN_084
LINN,Precinct 086,OR_LINN_086
LINN,Precinct 087,OR_LINN_087
LINN,Precinct 088,OR_LINN_088
LINN,Precinct 089,OR_LINN_089
LINN,Precinct 091,OR_LINN_091
LINN,Precinct 092,OR_LINN_092
LINN,Precinct 093,OR_LINN_093
LINN,Precinct 094,OR_LINN_094
LINN,Precinct 095,OR_LINN_095
LINN,Precinct 096,OR_LINN_096
LINN,Precinct 097,OR_LINN_097
LINN,Precinct 099,OR_LINN_099
LINN,Precinct 100,OR_LINN_100
LINN,Precinct 101,OR_LINN_101
LINN,Precinct 102,OR_LINN_102
LINN,Precinct 103,OR_LINN_103
LINN,Precinct 104,OR_LINN_104
LINN,Precinct 105,OR_LINN_105
LINN,Precinct 106,OR_LINN_106
LINN,Precinct 107,OR_LINN_107
LINN,Precinct 108,OR_LINN_108
MALHEUR,1 - Ontario 1,OR_MALHEUR_01
MALHEUR,2 - Ontario 2,OR_MALHEUR_02
MALHEUR,3 - Ontario 3,OR_MALHEUR_03
MALHEUR,4 - Ontario 4,OR_MALHEUR_04
MALHEUR,5 - Applegate,OR_MALHEUR_05
MALHEUR,6 - Fair/Ontario Heights,OR_MALHEUR_06
MALHEUR,7 - Butte/Cairo,OR_MALHEUR_07
MALHEUR,8 - City of Nyssa,OR_MALHEUR_08
MALHEUR,9 - Rural Nyssa,OR_MALHEUR_09
MALHEUR,10 - City of Adrian,OR_MALHEUR_10
MALHEUR,11 - Rural Adrian,OR_MALHEUR_11
MALHEUR,12 - City of Vale,OR_MALHEUR_12
MALHEUR,13 - South Rural Vale,OR_MALHEUR_13
MALHEUR,14 - North Rural Vale,OR_MALHEUR_14
MALHEUR,15 - Willowcreek,OR_MALHEUR_15
MALHEUR,16 - Brogan,OR_MALHEUR_16
MALHEUR,17 - Ironside,OR_MALHEUR_17
MALHEUR,18 - Harper,OR_MALHEUR_18
MALHEUR,19 - Juntura,OR_MALHEUR_19
MALHEUR,20 - City of Jordan Valley,OR_MALHEUR_20
MALHEUR,21 - Rural Jordan Valley,OR_MALHEUR_21
MALHEUR,22 - Arock,OR_MALHEUR_22
MALHEUR,23 - McDermitt,OR_MALHEUR_23
MALHEUR,24 - Annex/Huntington/Farewell Bend,OR_MALHEUR_24
MARION,310,OR_MARION_310
MARION,311,OR_MARION_311
MARION,312,OR_MARION_312
MARION,320,OR_MARION_320
MARION,321,OR_MARION_321
MARION,322,OR_MARION_322
MARION,323,OR_MARION_323
MARION,324,OR_MARION_324
MARION,325,OR_MARION_325
MARION,326,OR_MARION_326
MARION,330,OR_MARION_330
MARION,331,OR_MARION_331
MARION,332,OR_MARION_332
MARION,333,OR_MARION_333
MARION,334,OR_MARION_334
MARION,335,OR_MARION_335
MARION,336,OR_MARION_336
MARION,337,OR_MARION_337
MARION,340,OR_MARION_340
MARION,341,OR_MARION_341
MARION,342,OR_MARION_342
MARION,343,OR_MARION_343
MARION,344,OR_MARION_344
MARION,350,OR_MARION_350
MARION,351,OR_MARION_351
MARION,352,OR_MARION_352
MARION,353,OR_MARION_353
MARION,354,OR_MARION_354
MARION,355,OR_MARION_355
MARION,356,OR_MARION_356
MARION,357,OR_MARION_357
MARION,361,OR_MARION_361
MARION,362,OR_MARION_362
MARION,363,OR_MARION_363
MARION,364,OR_MARION_364
MARION,365,OR_MARION_365
MARION,370,OR_MARION_370
MARION,371,OR_MARION_371
MARION,372,OR_MARION_372
MARION,373,OR_MARION_373
MARION,374,OR_MARION_374
MARION,375,OR_MARION_375
MARION,376,OR_MARION_376
MARION,400,OR_MARION_400
MARION,401,OR_MARION_401
MARION,402,OR_MARION_402
MARION,403,OR_MARION_403
MARION,404,OR_MARION_404
MARION,405,OR_MARION_405
MARION,406,OR_MARION_406
MARION,407,OR_MARION_407
MARION,408,OR_MARION_408
MARION,505,OR_MARION_505
MARION,515,OR_MARION_515
MARION,525,OR_MARION_525
MARION,535,OR_MARION_535
MARION,545,OR_MARION_545
MARION,555,OR_MARION_555
MARION,577,OR_MARION_577
MARION,578,OR_MARION_578
MARION,579,OR_MARION_579
MARION,580,OR_MARION_580
MARION,581,OR_MARION_581
MARION,582,OR_MARION_582
MARION,583,OR_MARION_583
MARION,584,OR_MARION_584
MARION,586,OR_MARION_586
MARION,587,OR_MARION_587
MARION,588,OR_MARION_588
MARION,589,OR_MARION_589
MARION,590,OR_MARION_590
MARION,615,OR_MARION_615
MARION,625,OR_MARION_625
MARION,635,OR_MARION_635
MARION,645,OR_MARION_645
MARION,655,OR_MARION_655
MARION,674,OR_MARION_674
MARION,676,OR_MARION_676
MARION,677,OR_MARION_677
MARION,678,OR_MARION_678
MARION,679,OR_MARION_679
MARION,680,OR_MARION_680
MARION,681,OR_MARION_681
MARION,682,OR_MARION_682
MARION,683,OR_MARION_683
MARION,684,OR_MARION_684
MARION,686,OR_MARION_686
MARION,687,OR_MARION_687
MARION,688,OR_MARION_688
MARION,689,OR_MARION_689
MARION,690,OR_MARION_690
MARION,691,OR_MARION_691
MARION,692,OR_MARION_692
MARION,694,OR_MARION_694
MARION,696,OR_MARION_696
MARION,697,OR_MARION_697
MARION,698,OR_MARION_698
MARION,705,OR_MARION_705
MARION,715,OR_MARION_715
MARION,725,OR_MARION_725
MARION,779,OR_MARION_779
MARION,780,OR_MARION_780
MARION,781,OR_MARION_781
MARION,782,OR_MARION_782
MARION,783,OR_MARION_783
MARION,784,OR_MARION_784
MARION,786,OR_MARION_786
MARION,787,OR_MARION_787
MARION,788,OR_MARION_788
MARION,789,OR_MARION_789
MARION,790,OR_MARION_790
MARION,815,OR_MARION_815
MARION,825,OR_MARION_825
MARION,835,OR_MARION_835
MARION,845,OR_MARION_845
MARION,855,OR_MARION_855
MARION,865,OR_MARION_865
MARION,905,OR_MARION_905
MARION,915,OR_MARION_915
MARION,925,OR_MARION_925
MARION,935,OR_MARION_935
MARION,981,OR_MARION_981
MARION,982,OR_MARION_982
MORROW,Precinct 1 - Boardman,OR_MORROW_1
MORROW,Precinct 2 - Irrigon,OR_MORROW_2
MORROW,Precinct 3 - Lexington,OR_MORROW_3
MORROW,Precinct 4 - Ione,OR_MORROW_4
MORROW,Precinct 5 - Heppner/Hardman,OR_MORROW_5
MULTNOMAH,2701,OR_MULTNOMAH_2701
MULTNOMAH,2702,OR_MULTNOMAH_2702
MULTNOMAH,3101,OR_MULTNOMAH_3101
MULTNOMAH,3102,OR_MULTNOMAH_3102
MULTNOMAH,3103,OR_MULTNOMAH_3103
MULTNOMAH,3301,OR_MULTNOMAH_3301
MULTNOMAH,3303,OR_MULTNOMAH_3303
MULTNOMAH,3304,OR_MULTNOMAH_3304
MULTNOMAH,3501,OR_MULTNOMAH_3501
MULTNOMAH,3502,OR_MULTNOMAH_3502
MULTNOMAH,3602,OR_MULTNOMAH_3602
MULTNOMAH,3603,OR_MULTNOMAH_3603
MULTNOMAH,3604,OR_MULTNOMAH_3604
MULTNOMAH,3605,OR_MULTNOMAH_3605
MULTNOMAH,3606,OR_MULTNOMAH_3606
MULTNOMAH,3607,OR_MULTNOMAH_3607
MULTNOMAH,3608,OR_MULTNOMAH_3608
MULTNOMAH,3609,OR_MULTNOMAH_3609
MULTNOMAH,3610,OR_MULTNOMAH_3610
MULTNOMAH,3611,OR_MULTNOMAH_3611
MULTNOMAH,3612,OR_MULTNOMAH_3612
MULTNOMAH,3801,OR_MULTNOMAH_3801
MULTNOMAH,3802,OR_MULTNOMAH_3802
MULTNOMAH,3803,OR_MULTNOMAH_3803
MULTNOMAH,3804,OR_MULTNOMAH_3804
MULTNOMAH,3805,OR_MULTNOMAH_3805
MULTNOMAH,3806,OR_MULTNOMAH_3806
MULTNOMAH,3807,OR_MULTNOMAH_3807
MULTNOMAH,3808,OR_MULTNOMAH_3808
MULTNOMAH,4101,OR_MULTNOMAH_4101
MULTNOMAH,4102,OR_MULTNOMAH_4102
MULTNOMAH,4103,OR_MULTNOMAH_4103
MULTNOMAH,4203,OR_MULTNOMAH_4203
MULTNOMAH,4204,OR_MULTNOMAH_4204
MULTNOMAH,4205,OR_MULTNOMAH_4205
MULTNOMAH,4207,OR_MULTNOMAH_4207
MULTNOMAH,4208,OR_MULTNOMAH_4208
MULTNOMAH,4209,OR_MULTNOMAH_4209
MULTNOMAH,4210,OR_MULTNOMAH_4210
MULTNOMAH,4301,OR_MULTNOMAH_4301
MULTNOMAH,4302,OR_MULTNOMAH_4302
MULTNOMAH,4304,OR_MULTNOMAH_4304
MULTNOMAH,4305,OR_MULTNOMAH_4305
MULTNOMAH,4306,OR_MULTNOMAH_4306
MULTNOMAH,4310,OR_MULTNOMAH_4310
MULTNOMAH,4401,OR_MULTNOMAH_4401
MULTNOMAH,4402,OR_MULTNOMAH_4402
MULTNOMAH,4403,OR_MULTNOMAH_4403
MULTNOMAH,4404,OR_MULTNOMAH_4404
MULTNOMAH,4409,OR_MULTNOMAH_4409
MULTNOMAH,4501,OR_MULTNOMAH_4501
MULTNOMAH,4502,OR_MULTNOMAH_4502
MULTNOMAH,4503,OR_MULTNOMAH_4503
MULTNOMAH,4505,OR_MULTNOMAH_4505
MULTNOMAH,4506,OR_MULTNOMAH_4506
MULTNOMAH,4508,OR_MULTNOMAH_4508
MULTNOMAH,4509,OR_MULTNOMAH_4509
MULTNOMAH,4510,OR_MULTNOMAH_4510
MULTNOMAH,4511,OR_MULTNOMAH_4511
MULTNOMAH,4512,OR_MULTNOMAH_4512
MULTNOMAH,4601,OR_MULTNOMAH_4601
MULTNOMAH,4602,OR_MULTNOMAH_4602
MULTNOMAH,4604,OR_MULTNOMAH_4604
MULTNOMAH,4605,OR_MULTNOMAH_4605
MULTNOMAH,4606,OR_MULTNOMAH_4606
MULTNOMAH,4607,OR_MULTNOMAH_4607
MULTNOMAH,4608,OR_MULTNOMAH_4608
MULTNOMAH,4701,OR_MULTNOMAH_4701
MULTNOMAH,4702,OR_MULTNOMAH_4702
MULTNOMAH,4703,OR_MULTNOMAH_4703
MULTNOMAH,4704,OR_MULTNOMAH_4704
MULTNOMAH,4705,OR_MULTNOMAH_4705
MULTNOMAH,4706,OR_MULTNOMAH_4706
MULTNOMAH,4707,OR_MULTNOMAH_4707
MULTNOMAH,4708,OR_MULTNOMAH_4708
MULTNOMAH,4709,OR_MULTNOMAH_4709
MULTNOMAH,4710,OR_MULTNOMAH_4710
MULTNOMAH,4801,OR_MULTNOMAH_4801
MULTNOMAH,4802,OR_MULTNOMAH_4802
MULTNOMAH,4803,OR_MULTNOMAH_4803
MULTNOMAH,4804,OR_MULTNOMAH_4804
MULTNOMAH,4805,OR_MULTNOMAH_4805
MULTNOMAH,4806,OR_MULTNOMAH_4806
MULTNOMAH,4807,OR_MULTNOMAH_4807
MULTNOMAH,4901,OR_MULTNOMAH_4901
MULTNOMAH,4902,OR_MULTNOMAH_4902
MULTNOMAH,4903,OR_MULTNOMAH_4903
MULTNOMAH,4904,OR_MULTNOMAH_4904
MULTNOMAH,4905,OR_MULTNOMAH_4905
MULTNOMAH,4906,OR_MULTNOMAH_4906
MULTNOMAH,4907,OR_MULTNOMAH_4907
MULTNOMAH,4908,OR_MULTNOMAH_4908
MULTNOMAH,4909,OR_MULTNOMAH_4909
MULTNOMAH,4910,OR_MULTNOMAH_4910
MULTNOMAH,4911,OR_MULTNOMAH_4911
MULTNOMAH,5001,OR_MULTNOMAH_5001
MULTNOMAH,5002,OR_MULTNOMAH_5002
MULTNOMAH,5003,OR_MULTNOMAH_5003
MULTNOMAH,5004,OR_MULTNOMAH_5004
MULTNOMAH,5006,OR_MULTNOMAH_5006
MULTNOMAH,5007,OR_MULTNOMAH_5007
MULTNOMAH,5008,OR_MULTNOMAH_5008
MULTNOMAH,5009,OR_MULTNOMAH_5009
MULTNOMAH,5101,OR_MULTNOMAH_5101
MULTNOMAH,5102,OR_MULTNOMAH_5102
MULTNOMAH,5103,OR_MULTNOMAH_5103
MULTNOMAH,5104,OR_MULTNOMAH_5104
MULTNOMAH,5105,OR_MULTNOMAH_5105
MULTNOMAH,5106,OR_MULTNOMAH_5106
MULTNOMAH,5107,OR_MULTNOMAH_5107
MULTNOMAH,5202,OR_MULTNOMAH_5202
MULTNOMAH,5203,OR_MULTNOMAH_5203
MULTNOMAH,5204,OR_MULTNOMAH_5204
POLK,102,OR_POLK_102
POLK,106,OR_POLK_106
POLK,110,OR_POLK_110
POLK,118,OR_POLK_118
POLK,122,OR_POLK_122
POLK,134,OR_POLK_134
POLK,136,OR_POLK_136
POLK,140,OR_POLK_140
POLK,146,OR_POLK_146
POLK,152,OR_POLK_152
POLK,154,OR_POLK_154
POLK,156,OR_POLK_156
POLK,162,OR_POLK_162
POLK,166,OR_POLK_166
POLK,178,OR_POLK_178
POLK,182,OR_POLK_182
SHERMAN,1 Rufus,OR_SHERMAN_1
SHERMAN,2 Wasco,OR_SHERMAN_2
SHERMAN,3 Moro,OR_SHERMAN_3
SHERMAN,4 Grass Valley,OR_SHERMAN_4
SHERMAN,5 Kent,OR_SHERMAN_5
TILLAMOOK,Bay,OR_TILLAMOOK_01
TILLAMOOK,Beaver,OR_TILLAMOOK_03
TILLAMOOK,Carnahan,OR_TILLAMOOK_05
TILLAMOOK,Cloverdale,OR_TILLAMOOK_06
TILLAMOOK,Eastside,OR_TILLAMOOK_07
TILLAMOOK,Fairview,OR_TILLAMOOK_08
TILLAMOOK,Foley,OR_TILLAMOOK_10
TILLAMOOK,Garibaldi,OR_TILLAMOOK_12
TILLAMOOK,Hebo,OR_TILLAMOOK_13
TILLAMOOK,Kilchis,OR_TILLAMOOK_14
TILLAMOOK,Mapleleaf,OR_TILLAMOOK_15
TILLAMOOK,Nehalem,OR_TILLAMOOK_16
TILLAMOOK,Neskowin,OR_TILLAMOOK_17
TILLAMOOK,Netarts,OR_TILLAMOOK_18
TILLAMOOK,Oceanside,OR_TILLAMOOK_20
TILLAMOOK,Pinegrove,OR_TILLAMOOK_21
TILLAMOOK,Rockaway,OR_TILLAMOOK_24
TILLAMOOK,South Prairie West,OR_TILLAMOOK_26
TILLAMOOK,South Prairie East,OR_TILLAMOOK_27
TILLAMOOK,Trask,OR_TILLAMOOK_28
TILLAMOOK,Union,OR_TILLAMOOK_30
TILLAMOOK,Westside,OR_TILLAMOOK_32
TILLAMOOK,Wheeler,OR_TILLAMOOK_33
TILLAMOOK,Tillamook Ward 1,OR_TILLAMOOK_35
TILLAMOOK,Tillamook Ward 2,OR_TILLAMOOK_36
TILLAMOOK,Tillamook Ward 3,OR_TILLAMOOK_37
TILLAMOOK,Tillamook Ward 4,OR_TILLAMOOK_38
TILLAMOOK,Tillamook Ward 5,OR_TILLAMOOK_39
TILLAMOOK,Tillamook Ward 6,OR_TILLAMOOK_40
UMATILLA,"101-UMATILLA,OUTSIDE CITY",OR_UMATILLA_101
UMATILLA,"102-UMATILLA,CITY OF",OR_UMATILLA_102
UMATILLA,"103-HERMISTON,OUTSIDE",OR_UMATILLA_103
UMATILLA,"104-HERMISTON,OUTSIDE",OR_UMATILLA_104
UMATILLA,"105-HERMISTON,OUTSIDE",OR_UMATILLA_105
UMATILLA,"106C-STANFIELD,CITY OF",OR_UMATILLA_106C
UMATILLA,"106R-STANFIELD,OUTSIDE",OR_UMATILLA_106R
UMATILLA,"107C-ECHO,CITY OF",OR_UMATILLA_107C
UMATILLA,"107R-ECHO,OUTSIDE CITY",OR_UMATILLA_107R
UMATILLA,"108C-HELIX,CITY OF",OR_UMATILLA_108C
UMATILLA,"108R-HELIX,OUTSIDE CITY",OR_UMATILLA_108R
UMATILLA,"109C-ADAMS,CITY OF",OR_UMATILLA_109C
UMATILLA,"109R-ADAMS,OUTSIDE CITY",OR_UMATILLA_109R
UMATILLA,"110-PENDLETON,OUTSIDE",OR_UMATILLA_110
UMATILLA,"111-PENDLETON,OUTSIDE",OR_UMATILLA_111
UMATILLA,112-MEACHAM,OR_UMATILLA_112
UMATILLA,"113-PILOT ROCK,CITY OF",OR_UMATILLA_113
UMATILLA,"114-PILOT ROCK,OUTSIDE",OR_UMATILLA_114
UMATILLA,"115-PENDLETON,OUTSIDE",OR_UMATILLA_115
UMATILLA,"116-ATHENA,OUTSIDE CITY",OR_UMATILLA_116
UMATILLA,"117C-UKIAH,CITY OF",OR_UMATILLA_117C
UMATILLA,"117R-UKIAH,OUTSIDE CITY",OR_UMATILLA_117R
UMATILLA,119-UMAPINE,OR_UMATILLA_119
UMATILLA,"120-MILTON-FRWTR,OUTSIDE",OR_UMATILLA_120
UMATILLA,"121-MILTON-FRWTR,OUTSIDE",OR_UMATILLA_121
UMATILLA,"123-MILTON-FRWTR,OUTSIDE",OR_UMATILLA_123
UMATILLA,"124C-ATHENA,CITY OF",OR_UMATILLA_124C
UMATILLA,"124R-ATHENA,OUTSIDE CITY",OR_UMATILLA_124R
UMATILLA,"125C-WESTON,CITY OF",OR_UMATILLA_125C
UMATILLA,"125R-WESTON,OUTSIDE CITY",OR_UMATILLA_125R
UMATILLA,"126-HERMISTON,CITY OF",OR_UMATILLA_126
UMATILLA,"127-HERMISTON,CITY OF",OR_UMATILLA_127
UMATILLA,"128-HERMISTON,CITY OF",OR_UMATILLA_128
UMATILLA,"129-HERMISTON,CITY OF",OR_UMATILLA_129
UMATILLA,"130-HERMISTON,CITY OF",OR_UMATILLA_130
UMATILLA,"131-MILTON-FRWTR,CITY OF",OR_UMATILLA_131
UMATILLA,"132-MILTON-FRWTR,CITY OF",OR_UMATILLA_132
UMATILLA,"133-MILTON-FRWTR,CITY OF",OR_UMATILLA_133
UMATILLA,"136-PENDLETON,CITY OF",OR_UMATILLA_136
UMATILLA,"137-PENDLETON,CITY OF",OR_UMATILLA_137
UMATILLA,"138-PENDLETON,CITY OF",OR_UMATILLA_138
UMATILLA,"139-PENDLETON,CITY OF",OR_UMATILLA_139
UMATILLA,"141-PENDLETON,CITY OF",OR_UMATILLA_141
UMATILLA,"142-PENDLETON,CITY OF",OR_UMATILLA_142
UMATILLA,"143-PENDLETON,CITY OF",OR_UMATILLA_143
UNION,01 LG City,OR_UNION_01
UNION,02-LG City,OR_UNION_02
UNION,03-LG City,OR_UNION_03
UNION,04-LG Rural,OR_UNION_04
UNION,05-LG Rural,OR_UNION_05
UNION,06-Cove City,OR_UNION_06
UNION,07-Cove Rural,OR_UNION_07
UNION,08-Elgin City,OR_UNION_08
UNION,09-Elgin Rural,OR_UNION_09
UNION,10-Imb City,OR_UNION_10
UNION,11-Imb/Sum Rural,OR_UNION_11
UNION,12-Sum City,OR_UNION_12
UNION,13-NP Rural,OR_UNION_13
UNION,14-NP City,OR_UNION_14
UNION,15-Union Rural,OR_UNION_15
UNION,16-Union City,OR_UNION_16
UNION,17-Ant/BC,OR_UNION_17
UNION,18-IC City,OR_UNION_18
UNION,19-IC Rural,OR_UNION_19
WALLOWA,1,OR_WALLOWA_01
WALLOWA,2,OR_WALLOWA_02
WALLOWA,3,OR_WALLOWA_03
WALLOWA,4,OR_WALLOWA_04
WALLOWA,5,OR_WALLOWA_05
WALLOWA,6,OR_WALLOWA_06
WALLOWA,7,OR_WALLOWA_07
WALLOWA,8,OR_WALLOWA_08
WALLOWA,9,OR_WALLOWA_09
WALLOWA,10,OR_WALLOWA_10
WALLOWA,11,OR_WALLOWA_11
WALLOWA,12,OR_WALLOWA_12
WASCO,Precinct 01,OR_WASCO_01
WASCO,Precinct 02,OR_WASCO_02
WASCO,Precinct 03,OR_WASCO_03
WASCO,Precinct 04,OR_WASCO_04
WASCO,Precinct 05,OR_WASCO_05
WASCO,Precinct 06,OR_WASCO_06
WASCO,Precinct 07,OR_WASCO_07
WASCO,Precinct 08,OR_WASCO_08
WASCO,Precinct 09,OR_WASCO_09
WASCO,Precinct 10,OR_WASCO_10
WASCO,Precinct 11,OR_WASCO_11
WASCO,Precinct 12,OR_WASCO_12
WASCO,Precinct 13,OR_WASCO_13
WASCO,Precinct 14,OR_WASCO_14
WASHINGTON,Precinct 301,OR_WASHINGTON_301
WASHINGTON,Precinct 302,OR_WASHINGTON_302
WASHINGTON,Precinct 303,OR_WASHINGTON_303
WASHINGTON,Precinct 304,OR_WASHINGTON_304
WASHINGTON,Precinct 305,OR_WASHINGTON_305
WASHINGTON,Precinct 306,OR_WASHINGTON_306
WASHINGTON,Precinct 307,OR_WASHINGTON_307
WASHINGTON,Precinct 308,OR_WASHINGTON_308
WASHINGTON,Precinct 309,OR_WASHINGTON_309
WASHINGTON,Precinct 310,OR_WASHINGTON_310
WASHINGTON,Precinct 311,OR_WASHINGTON_311
WASHINGTON,Precinct 312,OR_WASHINGTON_312
WASHINGTON,Precinct 313,OR_WASHINGTON_313
WASHINGTON,Precinct 314,OR_WASHINGTON_314
WASHINGTON,Precinct 315,OR_WASHINGTON_315
WASHINGTON,Precinct 316,OR_WASHINGTON_316
WASHINGTON,Precinct 317,OR_WASHINGTON_317
WASHINGTON,Precinct 318,OR_WASHINGTON_318
WASHINGTON,Precinct 319,OR_WASHINGTON_319
WASHINGTON,Precinct 320,OR_WASHINGTON_320
WASHINGTON,Precinct 321,OR_WASHINGTON_321
WASHINGTON,Precinct 322,OR_WASHINGTON_322
WASHINGTON,Precinct 323,OR_WASHINGTON_323
WASHINGTON,Precinct 324,OR_WASHINGTON_324
WASHINGTON,Precinct 325,OR_WASHINGTON_325
WASHINGTON,Precinct 326,OR_WASHINGTON_326
WASHINGTON,Precinct 327,OR_WASHINGTON_327
WASHINGTON,Precinct 328,OR_WASHINGTON_328
WASHINGTON,Precinct 329,OR_WASHINGTON_329
WASHINGTON,Precinct 330,OR_WASHINGTON_330
WASHINGTON,Precinct 331,OR_WASHINGTON_331
WASHINGTON,Precinct 332,OR_WASHINGTON_332
WASHINGTON,Precinct 333,OR_WASHINGTON_333
WASHINGTON,Precinct 334,OR_WASHINGTON_334
WASHINGTON,Precinct 335,OR_WASHINGTON_335
WASHINGTON,Precinct 336,OR_WASHINGTON_336
WASHINGTON,Precinct 337,OR_WASHINGTON_337
WASHINGTON,Precinct 338,OR_WASHINGTON_338
WASHINGTON,Precinct 339,OR_WASHINGTON_339
WASHINGTON,Precinct 340,OR_WASHINGTON_340
WASHINGTON,Precinct 341,OR_WASHINGTON_341
WASHINGTON,Precinct 342,OR_WASHINGTON_342
WASHINGTON,Precinct 343,OR_WASHINGTON_343
WASHINGTON,Precinct 344,OR_WASHINGTON_344
WASHINGTON,Precinct 345,OR_WASHINGTON_345
WASHINGTON,Precinct 346,OR_WASHINGTON_346
WASHINGTON,Precinct 347,OR_WASHINGTON_347
WASHINGTON,Precinct 348,OR_WASHINGTON_348
WASHINGTON,Precinct 349,OR_WASHINGTON_349
WASHINGTON,Precinct 350,OR_WASHINGTON_350
WASHINGTON,Precinct 351,OR_WASHINGTON_351
WASHINGTON,Precinct 352,OR_WASHINGTON_352
WASHINGTON,Precinct 353,OR_WASHINGTON_353
WASHINGTON,Precinct 354,OR_WASHINGTON_354
WASHINGTON,Precinct 355,OR_WASHINGTON_355
WASHINGTON,Precinct 356,OR_WASHINGTON_356
WASHINGTON,Precinct 357,OR_WASHINGTON_357
WASHINGTON,Precinct 358,OR_WASHINGTON_358
WASHINGTON,Precinct 359,OR_WASHINGTON_359
WASHINGTON,Precinct 360,OR_WASHINGTON_360
WASHINGTON,Precinct 361,OR_WASHINGTON_361
WASHINGTON,Precinct 362,OR_WASHINGTON_362
WASHINGTON,Precinct 363,OR_WASHINGTON_363
WASHINGTON,Precinct 364,OR_WASHINGTON_364
WASHINGTON,Precinct 365,OR_WASHINGTON_365
WASHINGTON,Precinct 366,OR_WASHINGTON_366
WASHINGTON,Precinct 367,OR_WASHINGTON_367
WASHINGTON,Precinct 368,OR_WASHINGTON_368
WASHINGTON,Precinct 369,OR_WASHINGTON_369
WASHINGTON,Precinct 370,OR_WASHINGTON_370
WASHINGTON,Precinct 371,OR_WASHINGTON_371
WASHINGTON,Precinct 372,OR_WASHINGTON_372
WASHINGTON,Precinct 373,OR_WASHINGTON_373
WASHINGTON,Precinct 374,OR_WASHINGTON_374
WASHINGTON,Precinct 375,OR_WASHINGTON_375
WASHINGTON,Precinct 376,OR_WASHINGTON_376
WASHINGTON,Precinct 377,OR_WASHINGTON_377
WASHINGTON,Precinct 378,OR_WASHINGTON_378
WASHINGTON,Precinct 379,OR_WASHINGTON_379
WASHINGTON,Precinct 380,OR_WASHINGTON_380
WASHINGTON,Precinct 381,OR_WASHINGTON_381
WASHINGTON,Precinct 382,OR_WASHINGTON_382
WASHINGTON,Precinct 383,OR_WASHINGTON_383
WASHINGTON,Precinct 384,OR_WASHINGTON_384
WASHINGTON,Precinct 385,OR_WASHINGTON_385
WASHINGTON,Precinct 386,OR_WASHINGTON_386
WASHINGTON,Precinct 387,OR_WASHINGTON_387
WASHINGTON,Precinct 388,OR_WASHINGTON_388
WASHINGTON,Precinct 389,OR_WASHINGTON_389
WASHINGTON,Precinct 390,OR_WASHINGTON_390
WASHINGTON,Precinct 391,OR_WASHINGTON_391
WASHINGTON,Precinct 392,OR_WASHINGTON_392
WASHINGTON,Precinct 393,OR_WASHINGTON_393
WASHINGTON,Precinct 394,OR_WASHINGTON_394
WASHINGTON,Precinct 395,OR_WASHINGTON_395
WASHINGTON,Precinct 396,OR_WASHINGTON_396
WASHINGTON,Precinct 397,OR_WASHINGTON_397
WASHINGTON,Precinct 398,OR_WASHINGTON_398
WASHINGTON,Precinct 399,OR_WASHINGTON_399
WASHINGTON,Precinct 400,OR_WASHINGTON_400
WASHINGTON,Precinct 401,OR_WASHINGTON_401
WASHINGTON,Precinct 402,OR_WASHINGTON_402
WASHINGTON,Precinct 403,OR_WASHINGTON_403
WASHINGTON,Precinct 404,OR_WASHINGTON_404
WASHINGTON,Precinct 405,OR_WASHINGTON_405
WASHINGTON,Precinct 406,OR_WASHINGTON_406
WASHINGTON,Precinct 407,OR_WASHINGTON_407
WASHINGTON,Precinct 408,OR_WASHINGTON_408
WASHINGTON,Precinct 409,OR_WASHINGTON_409
WASHINGTON,Precinct 410,OR_WASHINGTON_410
WASHINGTON,Precinct 411,OR_WASHINGTON_411
WASHINGTON,Precinct 412,OR_WASHINGTON_412
WASHINGTON,Precinct 413,OR_WASHINGTON_413
WASHINGTON,Precinct 414,OR_WASHINGTON_414
WASHINGTON,Precinct 415,OR_WASHINGTON_415
WASHINGTON,Precinct 416,OR_WASHINGTON_416
WASHINGTON,Precinct 417,OR_WASHINGTON_417
WASHINGTON,Precinct 418,OR_WASHINGTON_418
WASHINGTON,Precinct 419,OR_WASHINGTON_419
WASHINGTON,Precinct 420,OR_WASHINGTON_420
WASHINGTON,Precinct 421,OR_WASHINGTON_421
WASHINGTON,Precinct 422,OR_WASHINGTON_422
WASHINGTON,Precinct 423,OR_WASHINGTON_423
WASHINGTON,Precinct 424,OR_WASHINGTON_424
WASHINGTON,Precinct 425,OR_WASHINGTON_425
WASHINGTON,Precinct 426,OR_WASHINGTON_426
WASHINGTON,Precinct 427,OR_WASHINGTON_427
WASHINGTON,Precinct 428,OR_WASHINGTON_428
WASHINGTON,Precinct 429,OR_WASHINGTON_429
WASHINGTON,Precinct 430,OR_WASHINGTON_430
WASHINGTON,Precinct 431,OR_WASHINGTON_431
WASHINGTON,Precinct 432,OR_WASHINGTON_432
WASHINGTON,Precinct 433,OR_WASHINGTON_433
WASHINGTON,Precinct 434,OR_WASHINGTON_434
WASHINGTON,Precinct 435,OR_WASHINGTON_435
WASHINGTON,Precinct 436,OR_WASHINGTON_436
WASHINGTON,Precinct 437,OR_WASHINGTON_437
WASHINGTON,Precinct 438,OR_WASHINGTON_438
WASHINGTON,Precinct 439,OR_WASHINGTON_439
WASHINGTON,Precinct 440,OR_WASHINGTON_440
WASHINGTON,Precinct 441,OR_WASHINGTON_441
WASHINGTON,Precinct 442,OR_WASHINGTON_442
WASHINGTON,Precinct 443,OR_WASHINGTON_443
WASHINGTON,Precinct 444,OR_WASHINGTON_444
WASHINGTON,Precinct 445,OR_WASHINGTON_445
WHEELER,Fossil #1,OR_WHEELER_1
WHEELER,Mitchell #3,OR_WHEELER_3
WHEELER,Spray #4,OR_WHEELER_4
YAMHILL,1,OR_YAMHILL_01
YAMHILL,2,OR_YAMHILL_02
YAMHILL,3,OR_YAMHILL_03
YAMHILL,4,OR_YAMHILL_04
YAMHILL,7,OR_YAMHILL_07
YAMHILL,9,OR_YAMHILL_09
YAMHILL,10,OR_YAMHILL_10
YAMHILL,12,OR_YAMHILL_12
YAMHILL,13,OR_YAMHILL_13
YAMHILL,14,OR_YAMHILL_14
YAMHILL,15,OR_YAMHILL_15
YAMHILL,16,OR_YAMHILL_16
YAMHILL,17,OR_YAMHILL_17
YAMHILL,18,OR_YAMHILL_18
YAMHILL,19,OR_YAMHILL_19
YAMHILL,20,OR_YAMHILL_20
YAMHILL,21,OR_YAMHILL_21
YAMHILL,22,OR_YAMHILL_22
YAMHILL,26,OR_YAMHILL_26
YAMHILL,27,OR_YAMHILL_27
YAMHILL,28,OR_YAMHILL_28